stageNumber,time,latitudeDegs,longitudeDegs,altitudeKm,elevationDegs,azimuthDegs,rangeKm
1,0.01,34.63203109273732,-120.61060537018385,0.11757001607026905,0.0513409516847731,209.32390276553718,30.780057013487667
1,0.2,34.63203162474356,-120.61056329078721,0.1176605282034725,0.05152973608528566,209.31768808907535,30.77812176967435
1,0.4,34.63203166470245,-120.61056367405978,0.11783007227536291,0.05184518550304238,209.31774921533395,30.77813556735404
1,0.6,34.632031263767466,-120.61056350202291,0.11807043209392577,0.05229255764311677,209.31768316169456,30.77816740364182
1,0.8,34.63203090279141,-120.61056371325856,0.11848033598344773,0.05305537693536245,209.31767823432415,30.778213043065033
1,1,34.63203202522803,-120.61056392449422,0.11900390064064413,0.05403036241904404,209.31782287389478,30.778115415847797
1,1.2,34.63203200502332,-120.61056396369294,0.11971099473442882,0.055346636664139914,209.31782667627672,30.77812128164661
1,1.4,34.63203128307134,-120.61056438616407,0.1205308025162667,0.0568722662123192,209.31781682111114,30.77821260962329
1,1.6,34.63203116274435,-120.61056369801679,0.12160590255912393,0.05887391437387976,209.31770217373122,30.778196787809375
1,1.8,34.632031523269795,-120.61056394845106,0.12277973092533648,0.06105909152609485,209.31777583209902,30.778176780276695
1,2,34.6320314828605,-120.61056402684848,0.12419391911197454,0.06369163154944649,209.31778343687057,30.778188701594555
1,2.2,34.63203148241008,-120.61056448851795,0.12577765136864036,0.06663961149027618,209.31785216766815,30.778214529395388
1,2.4,34.63203104106642,-120.61056439487855,0.1274321993747726,0.06971949887608714,209.31779371886518,30.77825849775586
1,2.6,34.63203138138695,-120.61056468451103,0.12931312183383853,0.07322094414460918,209.31787117947007,30.77824479888359
1,2.8,34.63203176166608,-120.61056535741508,0.13136358836852013,0.077037829487805,209.31800976601136,30.77824508738049
1,3,34.632031260159344,-120.6105649197025,0.13355568639282137,0.08111852611305663,209.3178939935823,30.77828165832271
1,4,34.63203195874589,-120.61056549243712,0.14734449474606665,0.10678713311275108,209.31804975155896,30.778291134922526
1,5,34.63203183435925,-120.61056668362828,0.1654885813491419,0.14056233123977036,209.31821466433118,30.77843364485873
1,6,34.63203144866675,-120.61056699939316,0.18807369438558819,0.18260463510748948,209.31822281601217,30.778596085118245
1,7,34.63203176336278,-120.6105683168757,0.21529729051142932,0.23328092566024144,209.31845081329905,30.77878038018142
1,8,34.63203185670978,-120.610569142199,0.2471314571434632,0.29253917249225214,209.31858317454578,30.77902099451004
1,9,34.63203146786398,-120.61057041392624,0.28361809223052115,0.36045563558220917,209.31873341771697,30.77939985584931
1,10,34.63203190016482,-120.61057063820384,0.3248997743297368,0.4372981452931585,209.31881041668626,30.77974183290714
1,11,34.63203114855487,-120.61057169214114,0.37094663857389243,0.5230052261308782,209.31889163771916,30.780344033656203
1,12,34.63203099720174,-120.61057302043453,0.42199999185837805,0.6180279995895059,209.31907425177383,30.78103335286473
1,13,34.63202996276246,-120.61057462307438,0.47794617341738194,0.7221499363290317,209.31920869306336,30.78197662482026
1,14,34.63202764435442,-120.6105763280237,0.5390255430787801,0.8358142740530654,209.31922891317245,30.783235622606515
1,15,34.63202404202027,-120.61057813527528,0.6052381008593366,0.959016618357735,209.31913491843815,30.78484086507351
1,16,34.632018153336716,-120.61058098332106,0.6765689143901691,1.0917183700883202,209.3189654463272,30.786964159487294
1,17,34.63201031913327,-120.61058470009824,0.7533151739444583,1.234465998694166,209.3187292387601,30.78960733047305
1,18,34.6319997579222,-120.61058890233691,0.8352505052033812,1.3868265649350682,209.31829043288388,30.79286330111628
1,19,34.63198654974462,-120.61059435645402,0.9227139965100214,1.5494176486804532,209.317771288081,30.796809774944776
1,20,34.6319690315255,-120.6105995687023,1.0156209052596241,1.7220627256119543,209.3167817210495,30.801585026042872
1,21,34.63194860587931,-120.61060697116973,1.114097872694023,1.9049807120909967,209.315825430829,30.807215592513558
1,22,34.631923649783076,-120.6106154533055,1.2182297005951406,2.098302459477216,209.31457350624547,30.81386516329933
1,23,34.63189372271758,-120.6106244598275,1.328087205474265,2.3021340341814467,209.31289901848456,30.821611344676594
1,24,34.631859746575536,-120.6106354842611,1.4436983006270603,2.516500978771861,209.3111174243534,30.83049362622726
1,25,34.63181935700885,-120.61064741609555,1.5650909585068002,2.7414087109141625,209.30882539075753,30.840756387571552
1,26,34.63177377675676,-120.61066119358945,1.6924207388805226,2.977114960487063,209.30628606741288,30.852398957974405
1,27,34.63172186393261,-120.61067664459338,1.8258711733166129,3.223908217457104,209.30335915088335,30.865607029179465
1,28,34.6316625768569,-120.61069432409982,1.9652577881533653,3.481384118842394,209.3000228072342,30.880572318382175
1,29,34.63159695838507,-120.61071367676837,2.110765061612241,3.74984443070643,209.2962998551217,30.897260105633915
1,30,34.631523566176995,-120.61073508555785,2.26244888104219,4.0293136540280665,209.29210273510103,30.915915107547757
1,31,34.631442701717866,-120.61075799513961,2.4204368955809623,4.319967500866075,209.28737989207752,30.936581408776142
1,32,34.6313531028798,-120.61078428174348,2.5847560765771194,4.6217509971815405,209.28228426383,30.959560071991106
1,33,34.631254590645995,-120.61081245174923,2.755435346512124,4.9346404162254895,209.27657675069023,30.984901068225785
1,34,34.63114746672646,-120.61084194984255,2.9326023561134935,5.2587890115176394,209.2702062980899,31.012662947199285
1,35,34.6310299079299,-120.61087614523757,3.116198333123699,5.593930791512496,209.26349175400256,31.04327139627249
1,36,34.63090259766169,-120.61091149610704,3.3064655943093824,5.940439497430831,209.2559770190389,31.07663594745403
1,37,34.63076471509755,-120.61095043336546,3.5033603000547737,6.29807770870774,209.24794245153296,31.113053901082935
1,38,34.630615079718204,-120.61099240153244,3.706896447676234,6.666719420954474,209.23918920787796,31.15273286088898
1,39,34.630451809926186,-120.61103722820191,3.917200752610341,7.046411225966821,209.22950582634863,31.1959819165256
1,40,34.63027538816351,-120.61108585087746,4.1343719556331635,7.437171693293791,209.2190823951869,31.242933970377948
1,41,34.63008433388396,-120.61113826896809,4.358296415794641,7.838585607559057,209.20777393600412,31.293844860232603
1,42,34.62987694615127,-120.61119580272775,4.589071939584799,8.250583206227825,209.19560985977344,31.349079471100683
1,43,34.62965378869558,-120.61125695859248,4.826784292107448,8.673145634925405,209.1824293796887,31.408663715951437
1,44,34.62941342169778,-120.61132211883869,5.071489385703579,9.106112444406936,209.1681504008458,31.472898345235283
1,45,34.6291541050492,-120.61139222049451,5.323115493373014,9.549057382261825,209.15274389095677,31.542118656929034
1,46,34.628875140741755,-120.61146764556136,5.581775363501161,10.001902657427971,209.13620317245793,31.616566783815287
1,47,34.628576532084615,-120.61154839303695,5.847469029553235,10.464379388524154,209.11853517831398,31.6963848060383
1,47.5,34.62841876538076,-120.61159164728271,5.982821940018796,10.698859549119014,209.10930269765112,31.738470813155708
1,48,34.62825649982459,-120.6116350166569,6.119955234277063,10.935712082013017,209.09965286704144,31.781863699354435
1,49,34.627914567290006,-120.61172657765695,6.399135293640197,11.415431444712434,209.07937940723312,31.873125608075462
1,50,34.62755009719903,-120.61182380160342,6.684584423437714,11.902455429018874,209.05776829463727,31.970309403254877
1,51,34.62716393432047,-120.61192741390195,6.975991491449066,12.39595594326012,209.03501920685954,32.07342284017408
1,52,34.62675337955532,-120.61203647576166,7.27308735538926,12.89507640647487,209.0107396997838,32.1827357621389
1,53,34.62631887770816,-120.61215154060469,7.575801256421022,13.39939235827065,208.98506696904718,32.29831988389383
1,54,34.625857950245305,-120.61227354443761,7.884004696447402,13.908250022013409,208.95790884027375,32.42052138459546
1,55,34.6253706422517,-120.61240286842106,8.197867294191383,14.421608057055478,208.92933996374515,32.54949140477022
1,56,34.624855037091635,-120.61253895631769,8.517346308498643,14.938986266019683,208.8991082332614,32.68547396664696
1,56.5,34.62458580406162,-120.61260968459037,8.67928004320804,15.199184649542662,208.8833164793913,32.756231080714954
1,57,34.624308998288775,-120.61268257180866,8.842610459139571,15.460212121544469,208.86713583109008,32.82884188084567
1,58,34.62373213191409,-120.61283354117765,9.173900212879293,15.985311281536982,208.83337932757965,32.97978635487229
1,59,34.62312168226101,-120.61299377556136,9.511836130319164,16.514763996972224,208.7978724382084,33.138921737133025
1,60,34.622475815413104,-120.61316348330597,9.856714614655823,17.04854988044009,208.76049298744397,33.306624714108295
1,61,34.62179185821259,-120.61334214630304,10.209143275490963,17.587102658097617,208.7209369115027,33.48341993220128
1,62,34.62106859820097,-120.61353201828499,10.569318815220148,18.130154743846287,208.67944465822325,33.669700050405794
1,63,34.62030362445384,-120.61373164370794,10.937806977546774,18.67803205465978,208.63560943167946,33.865934079335865
1,64,34.61949484623471,-120.61394216690792,11.314946153289638,19.230609966685986,208.58943513849476,34.072609068542285
1,65,34.61864057350459,-120.61416490357435,11.700834389583209,19.787370681724465,208.54099134799662,34.290105574818384
1,66,34.617738677151465,-120.61440061462166,12.095640583804808,20.347879882836565,208.49022993405526,34.51884262823
1,67,34.616787109773135,-120.61464763323607,12.4995206671115,20.91173142161673,208.4367685722869,34.759126566931606
1,68,34.615786104643796,-120.61490782835686,12.912615556017496,21.478524271960595,208.3809468776127,35.01119340659114
1,69,34.61473205464365,-120.61518195993234,13.334980614891276,22.047522042054492,208.3225921862243,35.275548796860285
1,70,34.613623395421996,-120.61546929703623,13.766870581604541,22.618436950314972,208.26151588209729,35.55252221255177
1,71,34.61245888231538,-120.61577170710993,14.208312850301155,23.190581436655265,208.19793095764877,35.84242952728771
1,72,34.611236912561374,-120.61608807644042,14.659392676563934,23.763414375301824,208.13160076087445,36.14551545821545
1,73,34.60995366413038,-120.61642048181751,15.120377046074719,24.336425177336114,208.06254326029523,36.462419010457324
1,74,34.60860841601995,-120.61676891675909,15.591209641689435,24.908885983779935,207.9907696174833,36.793280352344446
1,75,34.607197609160195,-120.61713452066331,16.072115634664893,25.480261251863272,207.9162024044123,37.1386471655021
1,76,34.60572152494486,-120.61751635039174,16.56305366944708,26.049954424646394,207.83882250420436,37.49852471362337
1,77,34.604174867006165,-120.61791648018857,17.064177357914858,26.61719704876183,207.75854280350197,37.87360428024199
1,78,34.60255726045478,-120.6183347299756,17.575727746725082,27.18173096011802,207.67540466873356,38.2640887010558
1,79,34.60086551050624,-120.6187720267608,18.097520316857846,27.742520453846574,207.58936182699244,38.67026973639566
1,80,34.59909854557693,-120.61922857141273,18.629908979414964,28.29942588462898,207.50045880601368,39.09246437242774
1,81,34.59725247483873,-120.61970567145083,19.17282211548835,28.85153653844702,207.4086561895191,39.5310706774122
1,82,34.59532570939214,-120.62020220952533,19.726345518711025,29.398399469559035,207.31379100190196,39.986260050565264
1,83,34.59331606140612,-120.62072136224462,20.29066192176007,29.93953184438513,207.21623433685224,40.458454282451285
1,84,34.59122120547139,-120.62126201099427,20.86580048568081,30.474398566465464,207.1157742443553,40.94784569102269
1,85,34.5890382983421,-120.62182490698017,21.45187431719713,31.00249939495084,207.012415963791,41.4547726180211
1,86,34.58676519740758,-120.62241041912927,22.048883839011193,31.523286288274882,206.90617902689056,41.9794331517581
1,87,34.58439880356598,-120.62302023176397,22.656984284070322,32.03631344567962,206.79718576426313,42.52222443176999
1,88,34.58193771753514,-120.6236547120022,23.27623303090781,32.541207013031524,206.685526970985,43.083294508716506
1,89,34.57937836453944,-120.62431460754028,23.90668682347797,33.03745597032646,206.5711777165748,43.66297912962233
1,90,34.57671917022459,-120.62499879662121,24.548432152063587,33.524810034687064,206.45403759145682,44.26139096910004
1,91,34.573956922079795,-120.62571100000126,25.20146817773115,34.002694674310604,206.3345068874084,44.87888901600633
1,92,34.5710876944898,-120.62644898819556,25.86590983994305,34.470816014913126,206.21218023511346,45.51574429564923
1,93,34.568107499396895,-120.62721609812876,26.541530310726724,34.92839229229727,206.08736669058362,46.172216732666115
1,94,34.565012335998816,-120.62801251938453,27.228457897730173,35.375142257842775,205.95998518663404,46.848651648683024
1,95,34.56179790563231,-120.62883899340642,27.926693493777886,35.81064980603765,205.8300147130384,47.545356384616916
1,96,34.558461226789,-120.62969791845542,28.636025594690814,36.23437963914521,205.69774206048956,48.26244988308637
1,97,34.55499738964062,-120.63058799451073,29.356555247982033,36.64611050143811,205.56287168063264,49.00026303524822
1,98,34.55140241982899,-120.63151255026868,30.08805659333337,37.04528604504426,205.4257505406454,49.75899618259424
1,99,34.54767185185951,-120.63247083596409,30.83056026275642,37.431713170644336,205.28620638940242,50.5389045267791
1,100,34.54380158069759,-120.63346507170567,31.584039318443278,37.80512394792261,205.14445903518924,51.340267461347935
1,101,34.53978871938235,-120.6344952297377,32.34827027725894,38.16526264889904,205.00054890965865,52.16307057304549
1,102,34.535627733260625,-120.63556390689422,33.12328284766339,38.511882175326484,204.8546567771197,53.00774061686939
1,103,34.53131412783309,-120.63666996810296,33.908939140601085,38.84479861002491,204.70660885659234,53.874399594810036
1,104,34.52684468535545,-120.6378167306089,34.70507152959891,39.16381365662663,204.55683324050077,54.763179554076046
1,105,34.52221439953775,-120.63900492055126,35.51162667340413,39.468806658872026,204.40535026103146,55.674343763371894
1,106,34.517419524165085,-120.64023339897687,36.328524253993294,39.75979749185429,204.2520603461442,56.60798413469929
1,107,34.51245585322582,-120.6415064083461,37.15558289365284,40.036594507263736,204.0974400060413,57.56431915065136
1,108,34.507318471583545,-120.64282225456108,37.99273717072793,40.29922869974802,203.94127134515756,58.54352392632244
1,109,34.50200270021417,-120.64418424366872,38.839707796317526,40.54749662487922,203.78390541954423,59.54575941762919
1,110,34.496504806043724,-120.64559123053212,39.696415852581154,40.781542844615835,203.6252696230565,60.57111728779451
1,111,34.490820897869874,-120.64704689568231,40.56280901468266,41.00142970653635,203.46579803354757,61.619856861688916
1,112,34.484947987546725,-120.64855009044459,41.438865740030074,41.207427320217775,203.30546238753118,62.69205722234286
1,113,34.478884787845864,-120.6501015264796,42.32481871258654,41.40004952928718,203.14451987826604,63.78789309824329
1,114,34.4726281024831,-120.651701362231,43.22085862636194,41.57967086088023,202.98306453964017,64.90765121789896
1,115,34.46617678503533,-120.65335140778026,44.127020378202204,41.746651960833645,202.8214571015617,66.0514082841991
1,116,34.45952794870921,-120.65505126628462,45.043622894338334,41.9014775266349,202.65974027876382,67.2195118588489
1,117,34.4526788003309,-120.65680126280255,45.97061749391724,42.04438415335974,202.49803242486541,68.41208227767527
1,118,34.445628550184,-120.65860302833067,46.90833718810138,42.17593681623461,202.33666663836456,69.62938341262941
1,119,34.43837371864352,-120.66045726169662,47.85684703449439,42.29639027553602,202.17574704785466,70.87168589092904
1,120,34.43091212892685,-120.66236318003823,48.81635452193115,42.40618591826589,202.01529688793113,72.13922507756524
1,121,34.423241785617044,-120.66432147851798,49.78703863958456,42.505721017758084,201.85548149065346,73.43224759813344
1,122,34.41535896398851,-120.6663337781535,50.76900781324227,42.595235052123044,201.69646628631614,74.75111232677708
1,123,34.40726241507254,-120.66840076850303,51.76249843407981,42.675188417771146,201.53843074764308,76.09605795992329
1,124,34.39894898413571,-120.67052258638579,52.76770524573885,42.74591478638401,201.38141683382662,77.46743165822267
1,125,34.39041669356462,-120.6726999165642,53.784808998435736,42.80778574606124,201.22555866909303,78.86550004125957
1,126,34.381661099841736,-120.67493436838146,54.81386357487645,42.86095701723471,201.0709634709263,80.29065754268657
1,127,34.372681099687725,-120.67722459376041,55.855263530629685,42.90597802596389,200.91761563617067,81.74321030008555
1,127.5,34.368105441879756,-120.67839108662312,56.38056336266827,42.92544835027089,200.84143358760844,82.47986195470376
1,128,34.36347269410227,-120.67957274648937,56.90899283486977,42.942971541541894,200.76567644974847,83.22349289591267
1,129,34.35403609089584,-120.6819791232216,57.97523399675172,42.97239733456373,200.61530105355058,84.73161432951947
1,130,34.344369979402806,-120.68444364184698,59.053887453539296,42.994494839505535,200.46654705118118,86.26760046417223
1,131,34.334473789181686,-120.68696621872118,60.14491047518142,43.00956240144526,200.31949093070193,87.83146315484143
1,132,34.32434812278004,-120.68954731797587,61.2482460781103,43.01793072962416,200.17428169017245,89.42313077531038
1,133,34.313992238427666,-120.6921853781529,62.36388109309227,43.019906996578264,200.0308575860699,91.04262056536011
1,134,34.30340518740772,-120.69488325990487,63.49165977144521,43.01565529831732,199.88947688720177,92.68997228036815
1,135,34.29258796441033,-120.69763847370336,64.63164026394672,43.00559026551712,199.7500496231357,94.3651037291288
1,135.2,34.29039775124612,-120.69819661369074,64.86108518020157,43.002933646424324,199.72244592573486,94.70339377381401
1,135.4,34.28819796468062,-120.69875638966816,65.09089592990745,42.99999747541632,199.69486409744297,95.04272480473554
1,135.6,34.28599448612445,-120.6993177721144,65.32081620187964,42.996929708517754,199.66748349069013,95.38246910392569
1,135.8,34.28378584153964,-120.69988076062904,65.55073339011706,42.9936188272565,199.64025747405194,95.72266219191219
1,136,34.2815744512621,-120.70044405503718,65.78060479954351,42.990170411286925,199.6131659008943,96.06305977017095
1,136.2,34.2793610041903,-120.70100727979727,66.01031723114662,42.98657161018929,199.58620182919512,96.4035226845173
1,136.4,34.27714567587744,-120.70157190785807,66.23984185145423,42.98280051992383,199.55947379627185,96.7440507041887
1,136.6,34.27492829082681,-120.70213646612166,66.4692075499883,42.97888246993757,199.53287033030347,97.08464400213423
1,136.8,34.27270971302179,-120.7027020520341,66.69827224779594,42.974781499112304,199.50649333487985,97.4251631259729
1,137,34.27049019874979,-120.70326774147716,66.92699376911949,42.970504107679616,199.4802833970408,97.7655386004205
1,137.2,34.2682712221739,-120.70383353450258,67.1554847411979,42.96616251035223,199.45428237833391,98.10573457211379
1,137.4,34.26605057137505,-120.70439943116209,67.38357624742203,42.961592465546396,199.42842310723827,98.44580472793012
1,137.6,34.2638307141422,-120.7049645077121,67.61139501210396,42.95696516811548,199.4027122672577,98.78562594200113
1,137.8,34.261610094657655,-120.70553116045036,67.8388417730052,42.952144806687116,199.37726882470218,99.1253028574456
1,138,34.25939021896027,-120.70609661815557,68.06584622737486,42.947200945927925,199.35194256314225,99.46460956140018
1,138.2,34.25717057377594,-120.70666272839618,68.29249277513381,42.942126166907634,199.32684441738863,99.80368457103033
1,138.4,34.254950727068234,-120.70722894263076,68.51885248086602,42.93694004823992,199.30192206264516,100.14259766586362
1,138.6,34.25273136647866,-120.70779488592147,68.74481207281352,42.931629884788286,199.27716773773307,100.4812096982438
1,138.8,34.25051149806236,-120.70836148185529,68.97035747495573,42.92613898216846,199.25261433430782,100.81960786957055
1,139,34.248292114884194,-120.70892780704996,69.19550276163407,42.92052693621914,199.22822528878274,101.15770491202179
1,139.2,34.24496437693013,-120.70935852149695,69.53253323412407,42.91687497312982,199.16369859470657,101.6550706091062
1,139.4,34.24274642244862,-120.7099244702454,69.75664235014841,42.910933480630796,199.13982949865752,101.99239011159865
1,139.6,34.24053012002697,-120.71049069712748,69.98033652098384,42.90491046194534,199.1161873371462,102.32932015339952
1,139.8,34.23831430061331,-120.71105665390421,70.20363053943775,42.89877164662659,199.09270065526212,102.66594880611424
1,140,34.236099651207184,-120.71162196601934,70.42641109966114,42.89250457366368,199.0693617748721,103.0021369959176
1,141,34.22503229389277,-120.71444872336866,71.53435282252916,42.859403787099026,198.9551632561174,104.67878066474925
1,142,34.21396974664104,-120.71727616205699,72.63294106692449,42.823491469242924,198.84486546157473,106.34905157211875
1,143,34.20290979758015,-120.7201046683397,73.72217658536415,42.784810016279984,198.73824925119135,108.01312564594542
1,144,34.19185455688518,-120.72293387976772,74.80205838140193,42.74356995168491,198.63517256618516,109.67082876144451
1,145,34.18080255051349,-120.72576418221476,75.87264348923043,42.6998473846533,198.53545855401572,111.32232126639788
1,146,34.169754414063824,-120.72859521358737,76.933818443398,42.65373564625386,198.4389474081537,112.96746846831213
1,147,34.158710833588074,-120.7314269859485,77.98563927843236,42.60538134918923,198.34551215251096,114.60625690588093
1,147.2,34.1565024727513,-120.73199357874807,78.19490475768596,42.59544984824194,198.3271864763756,114.93328606134547
1,147.4,34.15429457853727,-120.73255990607865,78.40376996989175,42.58543687464505,198.30896635264867,115.26001471639542
1,147.6,34.152086465305665,-120.73312634142444,78.61234833318181,42.575355594704774,198.29085697457162,115.58658177249424
1,147.8,34.14987851064219,-120.73369305894163,78.82039915453177,42.56513168620967,198.2728765509089,115.91279690410461
1,148,34.14767132857167,-120.734258963985,79.0281769701736,42.554890695097065,198.25497340182903,116.23876326631623
1,148.2,34.14546361907718,-120.73482552469004,79.23554066960607,42.54452111733103,198.23720335547705,116.56451668311809
1,148.4,34.14325611868197,-120.73539274104056,79.44254638857208,42.534070438448225,198.21958230721128,116.89003819225042
1,148.6,34.14104890825182,-120.73595822483338,79.64918066637777,42.52356062129671,198.2019705537345,117.215261879106
1,148.8,34.13884208022239,-120.73652583218264,79.85542811960262,42.51295255779438,198.18459593151462,117.54025145250012
1,149,34.13663480442756,-120.73709170733994,80.06124800643884,42.50224038231815,198.16721225090336,117.86496248774156
1,149.2,34.13442821767276,-120.73765915874382,80.2668083296055,42.49149275081459,198.15003814105162,118.18949093032757
1,149.4,34.132221182411165,-120.73822487836617,80.47194108725712,42.480642219105334,198.1328538662432,118.51374106395097
1,149.6,34.13001552005541,-120.73879180128681,80.67670082106628,42.46974481934359,198.1158706321964,118.8376698646146
1,149.8,34.12780889778403,-120.73935883309137,80.88111760579329,42.45874007593288,198.0989709896649,119.16145691839847
1,150,34.1256027366862,-120.73992560094175,81.08513409325481,42.44766198486343,198.08216463619104,119.48494435635881
1,150.2,34.12339703630693,-120.74049210499776,81.28875027783587,42.43651107616612,198.06545074393375,119.80813225867034
1,150.4,34.1211908040988,-120.7410592653361,81.4919523758553,42.42523991719954,198.04885915196346,120.1311081100809
1,150.6,34.11898533951318,-120.74162561500648,81.69488141536247,42.41395729963495,198.03233382220674,120.4538359312328
1,150.8,34.11678050827401,-120.74219316814454,81.89738130604196,42.40258571137474,198.0159859555667,120.77626189140321
1,151,34.11457497012848,-120.74275991086208,82.0994959508339,42.39111350658227,197.99967012408925,121.09847860386726
1,151.2,34.112369206463775,-120.74332676306982,82.30132376346738,42.3795834388873,197.98344877238924,121.42053491853495
1,151.4,34.11016433000681,-120.74389389916848,82.50268010260817,42.367968973732864,197.96735526415483,121.74222153002977
1,151.6,34.107959227275664,-120.74446114488862,82.70374960852135,42.356297619082554,197.9513544556158,122.06374787663788
1,151.8,34.105755010800614,-120.74502867465833,82.90434763051942,42.3445429395966,197.93547949663386,122.3849046564477
1,152,34.103549656710776,-120.74559484780586,83.10463158260751,42.3327053926211,197.91959361164703,122.70592347793664
1,152.2,34.10134566975984,-120.74616222471698,83.30454244456254,42.320827219477614,197.90389399776248,123.02662144094286
1,152.4,34.09914213888307,-120.74672933909592,83.50405297237542,42.30888189234575,197.8882777480801,123.34702076197574
1,152.6,34.09693868804403,-120.7472960166708,83.70340389349964,42.29694040060341,197.87272642412387,123.66731134007848
1,152.8,34.09473759488039,-120.74786297883777,83.90239541488607,42.28500532864731,197.85732795866318,123.98719353341885
1,153,34.092538738390466,-120.74842913206594,84.10122590366007,42.27314927186214,197.84201789054902,124.30678909037847
1,153.2,34.09034138138882,-120.74899447657938,84.29983928002603,42.26132799789692,197.82677980857756,124.6261175362069
1,153.4,34.088146688881736,-120.74955955937034,84.49822039613035,42.24957017286643,197.81166766628266,124.9450884514601
1,153.6,34.08595349507327,-120.75012383385037,84.6963843500521,42.237846321834475,197.79662583658694,125.26379212725516
1,153.8,34.083764385069436,-120.75068747475571,84.89425850091595,42.226216254643525,197.78171724667777,125.58197976007199
1,154,34.08157750966429,-120.75125030782363,85.09197146444023,42.21466230701819,197.76689257818816,125.89988026433929
1,154.2,34.07939286849771,-120.7518123332767,85.28952321094927,42.203183841294994,197.7521510353985,126.21749353733627
1,154.4,34.07721205469292,-120.7523746446566,85.48682737888582,42.19179457574662,197.73758420925913,126.5346581875109
1,154.6,34.0750341573847,-120.75293577670863,85.6838567214543,42.180467583042606,197.7230923121157,126.85139674481677
1,154.8,34.07285917604228,-120.7534957297601,85.8806111995047,42.169202297125814,197.70867459235214,127.16770913187642
1,155,34.07068784692882,-120.75405450413771,86.07714679547027,42.15804074430525,197.69434538557715,127.48357542429062
1,155.2,34.06851960610911,-120.75461356527961,86.27337861505896,42.14692312015176,197.68017115203452,127.79901236061058
1,155.4,34.0663550164042,-120.75517144824319,86.46939146277123,42.135907813387064,197.66608334364753,128.1140029247655
1,155.6,34.06419303181376,-120.75572869988393,86.66500207613967,42.12489535248316,197.65208918442818,128.4285160192194
1,155.8,34.062035688713635,-120.75628385558366,86.86040727489255,42.114028429907,197.6381507000148,128.74249484785423
1,156,34.05988069476565,-120.75683929894926,87.05545251926222,42.10316114873058,197.6243480769961,129.05606380833765
1,156.2,34.05772904086355,-120.7573941118141,87.25015141530149,42.092337639876924,197.61065123916805,129.36913513253785
1,156.4,34.0555831372182,-120.75794700447952,87.44445998357516,42.081631698921285,197.59703900802836,129.68146247883453
1,156.6,34.05344230037426,-120.75849834919728,87.63849171688221,42.07105402680309,197.5835165160283,129.99318420873513
1,156.8,34.05130954140428,-120.75904886750956,87.83210256724246,42.06064744267371,197.57018068148088,130.30397988925913
1,157,34.04918468597678,-120.7595970954012,88.02532125639915,42.05042657338005,197.55694921551725,130.61385235140438
1,157.2,34.04706699627177,-120.76014303350081,88.21809169385861,42.04034843967849,197.54380642708543,130.92282142901436
1,157.4,34.04495837249931,-120.76068722877368,88.4104545523012,42.030480799308094,197.53081732056103,131.23077587035942
1,157.6,34.04285906805447,-120.76122876391243,88.60236733548436,42.020824108166856,197.51793736696902,131.53764770397424
1,157.8,34.04076834496,-120.76176763964081,88.79377394491807,42.01133550165652,197.5051509415604,131.84345679825756
1,158,34.038687848581,-120.76230532071487,88.98475739811175,42.00207998593977,197.492565193124,132.1481593629703
1,158.2,34.03661550346447,-120.76283979741109,89.17530565324519,41.99300320116782,197.48003362780847,132.45186950360323
1,158.4,34.0345536371153,-120.76337216297648,89.36538812497258,41.984158252494,197.46765712533414,132.75440488306802
1,158.6,34.03250182066654,-120.76390187184728,89.55507589274644,41.97555696740292,197.45539765817614,133.0558360400841
1,158.8,34.03045974365712,-120.76442947092646,89.74424165504705,41.967143221425445,197.44327616576555,133.35611203997587
1,159,34.028428395950506,-120.76495404336968,89.93289885889833,41.95895821401557,197.43126309243237,133.65514479032572
1,159.2,34.0264064124536,-120.76547633254586,90.12127458742727,41.95102321300313,197.4193692524123,133.95321090259907
1,159.4,34.02439558310429,-120.76599614268804,90.30907028621529,41.943299956863136,197.40761752280235,134.2499623130297
1,159.6,34.02239406061707,-120.76651329963684,90.49641469847411,41.93577142105519,197.39596244839151,134.54562838657864
1,159.8,34.02040258050911,-120.76702780408677,90.68336365844588,41.928476430385835,197.38441695246237,134.84018857595348
1,160,34.01842255993118,-120.76753928557623,90.86985936914478,41.92144204914343,197.3729878145932,135.1334838552018
1,160.2,34.016452269754495,-120.76804866206221,91.05583220749628,41.914584276318344,197.36168779050675,135.42562216329003
1,160.4,34.01449244538779,-120.76855593416937,91.24133799717762,41.90794183390239,197.35052948034436,135.71658291057884
1,160.6,34.01254149451857,-120.76906001049804,91.42646312307288,41.9014998995424,197.3394265452871,136.00652807567613
1,160.8,34.01060242514833,-120.7695616127448,91.61106326549593,41.89529880590347,197.32847085494402,136.29513642331807
1,161,34.0086733906616,-120.77006056664315,91.7952672130391,41.889321725808685,197.31761781885635,136.58263743335743
1,162,33.999182940006826,-120.77251797212409,92.70927483866643,41.86252808239709,197.26505098193743,138.00251578623673
1,163,33.989955015427036,-120.7749079198129,93.61192114829366,41.84104747083897,197.2150447801247,139.39274261562215
1,164,33.980990488393175,-120.7772330476186,94.50301998976339,41.8246711327266,197.16762128477095,140.75315147502712
1,165,33.97229192389155,-120.77949160464891,95.38263966790028,41.813362798445844,197.1226236118734,142.0835287895774
1,166,33.96386256892376,-120.78168146967121,96.25073501227703,41.807082698854536,197.07989853897172,143.38352637849925
1,167,33.95570434562742,-120.78380472927437,97.10730373884272,41.80574183647049,197.03947900622722,144.65301817796092
1,168,33.94782002067967,-120.78585834457745,97.95220287633595,41.80928111609689,197.00117303780144,145.89161653105091
1,169,33.940212819823856,-120.78784293808759,98.78557122336142,41.817716756339436,196.96497748886236,147.0991649591892
1,170,33.9328852586152,-120.78975638523848,99.60730879528448,41.83100208114739,196.93075286593958,148.27535038903216
1,171,33.925839518692264,-120.79159985049758,100.41737206220347,41.84908113998567,196.8985133169383,149.4199935405892
1,172,33.919079280197245,-120.79337175210657,101.21564621840045,41.87194663286382,196.8681745315068,150.53269676786718
1,173,33.912606441396036,-120.79507070164269,102.00231557627488,41.89962989772927,196.839637091394,151.61341428418436
1,174,33.9064252824355,-120.79669711953352,102.77716588648688,41.93211039851354,196.81292773684555,152.661680663084
1,175,33.900537647300936,-120.79824924518495,103.54021261438635,41.96938559241548,196.78793788109434,153.67734022004882
1,176,33.89494727972044,-120.7997258617874,104.29151188252308,42.011517953183436,196.76461911822048,154.66012921394054
1,177,33.8896577851229,-120.80112775396378,105.03096431549453,42.058515369721455,196.7430138094764,155.60973276615303
1,178,33.88467242708672,-120.8024527879556,105.75852853106801,42.11041783443592,196.72303135688668,156.52584945075097
1,179,33.87999348160334,-120.80369974243985,106.47415033352469,42.167234770466905,196.7046104587477,157.4082696695198
1,180,33.87562529480176,-120.804869396368,107.17778738032095,42.22902690426527,196.68781395206614,158.25667182893363
1,181,33.87157119397879,-120.80595998008384,107.86956918998808,42.29589520879697,196.67257881274776,159.0708875998901
1,182,33.86783555147482,-120.8069695298018,108.54927103695087,42.367881636684864,196.65885341806612,159.8504256938635
1,183,33.864420397495266,-120.80789773000409,109.21688316994347,42.445017571147744,196.64662519194096,160.5951637914378
1,184,33.86133113255899,-120.80874480685593,109.87254796266743,42.52746516605623,196.6359596983037,161.30483472377213
1,185,33.85857122669418,-120.80950733442538,110.51601531437133,42.615263177804216,196.62673686025582,161.97898956305954
1,186,33.856143935177585,-120.81018590307653,111.14743111615815,42.70852671883618,196.61901077738773,162.61755231470437
1,187,33.85405454582608,-120.81077999558154,111.76660029032361,42.807350160575815,196.61282103800755,163.22003814257212
1,188,33.85230616948786,-120.81128600463363,112.37351542668044,42.91184510666672,196.60804378175095,163.78620988719166
1,189,33.850904386864876,-120.81170560074482,112.96829306032136,43.02219112093208,196.60482307782797,164.31583242264722
1,190,33.8498524250832,-120.8120362597072,113.55072876028345,43.13845893403021,196.60308949911894,164.80856000270805
1,191,33.849155779508735,-120.81227582324657,114.12095548621006,43.26086795957526,196.60282699567006,165.26411989920834
1,192,33.84881870006327,-120.8124243055341,114.67859882169682,43.389471795368145,196.60409697113226,165.68203423425268
1,193,33.84884649275601,-120.81248082226116,115.22400535635558,43.52454427526405,196.60694140575885,166.06223830775133
1,194,33.849243552896624,-120.81244338246196,115.75695808412694,43.666210520084206,196.61134441460044,166.40433488926925
1,195,33.85001606064814,-120.81230944872921,116.27747928245738,43.81471351228218,196.6172971566705,166.7079572582919
1,196,33.85116765826558,-120.81207975836865,116.78548131155502,43.97019047236687,196.62489657121836,166.97293172314377
1,197,33.85270520679225,-120.81175139955451,117.2808744111238,44.13289555780784,196.63413563313887,167.1987790399846
1,198,33.85463365307857,-120.81132364759364,117.76371304612235,44.303063515891736,196.64507639090016,167.38532487344332
1,199,33.85695986285718,-120.81079358374582,118.23390948041063,44.48096980362942,196.6577200023135,167.53212189307413
1,200,33.859688224123815,-120.81016193042309,118.69143578048609,44.66682658777792,196.67219170830663,167.63903902928706
1,200.5,33.861205223888845,-120.80980716018276,118.915353819957,44.76280945933866,196.68011711106524,167.67737657049807
1,200.6,33.86152110261958,-120.8097328655572,118.95979324922524,44.782270959645615,196.68175204043882,167.683845798824
1,200.8,33.862163458344526,-120.80958170308992,119.04832152667922,44.82140354169262,196.68507639598906,167.69574007370304
1,201,33.862817759749376,-120.80942723223188,119.13627177076135,44.860731252060354,196.68844529941853,167.7063318070518
1,201.2,33.86348191951229,-120.80927018854896,119.22381600481552,44.90023577258347,196.69185874248333,167.71591688559948
1,201.4,33.86415636086706,-120.80911111536633,119.31088295135089,44.9399084743152,196.6953470756486,167.7244234114309
1,201.6,33.86483950168662,-120.80894892590665,119.39755956412851,44.97973596037248,196.6988388175475,167.7320139240654
1,201.8,33.86553151269623,-120.80878507466204,119.48381709170155,45.01970697280197,196.70240004922982,167.73868291211923
1,202,33.8662309241256,-120.80861956157565,119.56954412037507,45.05975663039512,196.70600825803436,167.74446193009334
1,202.2,33.86693731231115,-120.80845184324593,119.65481199803017,45.09989483472002,196.70963336379617,167.74942454436552
1,202.4,33.867648590185006,-120.80828265526921,119.73979271220975,45.14010255350026,196.71327522143304,167.75386575648042
1,202.6,33.86836444645737,-120.8081125409477,119.82435924073309,45.180338175677356,196.7169528121385,167.75772803124093
1,202.8,33.869083411666935,-120.80794150023432,119.90840014424548,45.220536577214105,196.72064343683536,167.76104165460464
1,203,33.869804133650746,-120.8077702687383,119.99214311486483,45.26071111485932,196.724358299625,167.76408574782593
1,203.2,33.87052728854832,-120.80759847859677,120.07547432220635,45.300855564235114,196.72809189704515,167.76672049087267
1,203.4,33.87125171818956,-120.80742558645753,120.15840935750212,45.3409466102741,196.731802471444,167.7690337080409
1,203.6,33.871977593646214,-120.80725304674618,120.24091943744477,45.380972596571965,196.73555637454254,167.77101843537568
1,203.8,33.87270333326273,-120.80707977281142,120.32309145765286,45.42091923311206,196.73928139657136,167.7728353721474
1,204,33.87342984276665,-120.80690721907264,120.40495236432552,45.46080754651228,196.74305542505894,167.77446271867882
1,204.2,33.874158050926475,-120.80673410650846,120.48634580608737,45.500634241046384,196.74683694211245,167.77569384952952
1,204.4,33.87488513640741,-120.80656117077451,120.56738797787298,45.540346491865314,196.75061415440982,167.7768369307493
1,204.6,33.875613497201705,-120.80638713286235,120.64803400217183,45.58000664167677,196.75436837441794,167.77765608582112
1,204.8,33.876341893712336,-120.80621381500875,120.7283131844895,45.61957639201961,196.75816029402114,167.77829841361367
1,205,33.87706916795107,-120.80604067390298,120.80824109262787,45.659032102333605,196.76194790630808,167.77885095920055
1,205.2,33.877797888847425,-120.80586788492917,120.88774406993576,45.69842436564525,196.7657792610768,167.7790714499812
1,205.4,33.87852574031219,-120.80569436151426,120.96685325254593,45.737705789925606,196.76957016290243,167.77913447191384
1,205.6,33.87925393892071,-120.80552101476479,121.04572264357657,45.77693920293769,196.77337984833383,167.77907766139091
1,205.8,33.87998169195232,-120.80534747678779,121.12412692910712,45.81605306102428,196.77717963732437,167.77878894632983
1,206,33.88070973403827,-120.80517374755064,121.20212185395789,45.855080368371546,196.78098108447588,167.7782536391104
1,206.2,33.881437812738945,-120.80500073814086,121.27974993520883,45.89401832452849,196.7848204819143,167.7775377310461
1,206.4,33.882165757143,-120.80482699416264,121.35703996351641,45.93287898912042,196.7886308837534,167.77664757631905
1,206.6,33.88289373840638,-120.80465396994975,121.4339631477911,45.97165058204863,196.79247930167153,167.77557580927814
1,206.8,33.883622009222485,-120.80448075434917,121.5104769737944,46.010336281823754,196.79632945961382,167.77425540726924
1,207,33.884350317149966,-120.804308258443,121.58662395629567,46.048933219739425,196.80021774509584,167.77275235920445
1,208,33.887989122397336,-120.80344129411422,121.9616934691146,46.24056785054348,196.8195019598266,167.76232280135292
1,209,33.891627976603075,-120.80257575946705,122.32738430441823,46.43004487851656,196.8389930117866,167.7468595232748
1,210,33.89526655341498,-120.8017087421462,122.68375404834282,46.61740674856517,196.858557454188,167.72631416774092
1,211,33.898904476702576,-120.80084314695227,123.03068934533839,46.802615033417474,196.87832055059192,167.7006234267744
1,212,33.90254159137831,-120.79997751584754,123.36821897445154,46.985699713906406,196.89821613606267,167.6697331393573
1,213,33.90617907111633,-120.79911238818791,123.69632741595525,47.16670311078249,196.91828914830808,167.6334975604902
1,214,33.909816084229824,-120.79824667399399,124.01515725576412,47.34565972764704,196.93847842516743,167.59200607245322
1,215,33.913451602560976,-120.79738091263931,124.32452561657783,47.52251247743923,196.95879288290956,167.54514992461662
1,216,33.917087533580656,-120.79651564342953,124.62447278584447,47.69733612055367,196.97929002756914,167.49277546592987
1,217,33.9207230454473,-120.7956497764857,124.91514133578912,47.870163970590035,196.99990805292322,167.43497544540966
1,218,33.92435826792703,-120.79478439415561,125.19633289700094,48.040963222665575,197.02070030389032,167.37155775638936
1,219,33.92799279314614,-120.79391894963317,125.46811874095351,48.20975832910631,197.04163657474243,167.30254223339503
1,220,33.93162694662161,-120.79305289616667,125.73062595008686,48.37660628931695,197.06269856497235,167.22794023140997
1,221,33.93526085844288,-120.79218731601982,125.98365615430474,48.54147383470226,197.08394026316194,167.1475612628368
1,222,33.93889412063806,-120.79132166242715,126.22728061859868,48.70438441185207,197.10533117184065,167.06142811495718
1,223,33.942527229779785,-120.7904568428193,126.46159763559048,48.86538203795371,197.1269239925201,166.96954776086605
1,224,33.9461602828722,-120.78959048813412,126.68659353742748,49.02449790282884,197.1486111710205,166.87181330250365
1,225,33.949792424586015,-120.788724591713,126.90205657648295,49.18166062601282,197.17047316139897,166.7681108090491
1,226,33.95378816798881,-120.78735450464558,127.12838425550517,49.35547251630521,197.17491981242182,166.6398581414545
1,227,33.957420174283314,-120.78648857582675,127.32414690481127,49.50871963360018,197.19706619060509,166.52358795556268
1,228,33.96105168382531,-120.78562291841205,127.51067334800028,49.66013431207519,197.21939126028195,166.40140334029294
1,229,33.96468290880751,-120.78475624904048,127.68775155783258,49.80969848377451,197.24183924513147,166.2730600460479
1,230,33.96831361240289,-120.78388947521009,127.85542398014479,49.957420748488204,197.26445105743352,166.1385797092774
1,231,33.97194429062731,-120.78302350450899,128.01378892813995,50.10334251946223,197.2872812722557,165.9979780175619
1,232,33.97557546463527,-120.78215651050105,128.16276151989493,50.247486188753236,197.31025319138666,165.85108049750517
1,233,33.97920500750727,-120.78128885784508,128.3023436729433,50.3897996714918,197.33334795124992,165.69799893504538
1,234,33.98283524931736,-120.7804216285814,128.4325046654772,50.530347444046946,197.35666199241194,165.53852967847615
1,235,33.98646510432261,-120.77955464460118,128.5534294193443,50.669150535147715,197.38016943691798,165.3728483875152
1,236,33.990094785421896,-120.77868662214328,128.66490592942665,50.806189997628955,197.40381324039328,165.20071427902906
1,237,33.99372448013679,-120.7778190117682,128.7669053902859,50.941464913111396,197.42767018561705,165.02207915055837
1,238,33.99735293092086,-120.77695018100106,128.85964149298985,51.07500713204829,197.45163854416325,164.83712916987997
1,238.5,33.99916805313816,-120.77651637334229,128.9025537437927,51.141167491578344,197.46374316400434,164.74221623422213
1,239,34.00098215949992,-120.77608175476809,128.94295645338482,51.20683990028808,197.47583814507854,164.64559684208854
1,240,34.00461175711339,-120.77521318639218,129.0169215133721,51.33698059697442,197.50023684951634,164.44752051540112
1,241,34.008240582396546,-120.77434392918357,129.08155197427143,51.465412370509945,197.52478818892553,164.2429436048647
1,242,34.01186907569597,-120.7734745222641,129.13677660211363,51.5921379736243,197.5495294699914,164.03175515838308
1,243,34.01549725282185,-120.77260496184941,129.18259539106117,51.71716675694828,197.57446309875857,163.81391986210966
1,244,34.01912569009885,-120.7717337894338,129.21909309277032,51.84055410865857,197.59952837344602,163.58940860519743
1,245,34.02275401454262,-120.77086391061809,129.246156145297,51.96225007557198,197.62486793025138,163.35817301661257
1,246,34.02638189828159,-120.76999241211861,129.26384216461238,52.08228801520469,197.65032966987718,163.12019812082332
1,247,34.03000958336742,-120.76912111383132,129.27229190381803,52.20069824080585,197.67601333581746,162.87557989202173
1,248,34.03363770886353,-120.76824927404411,129.2712221895503,52.317453240452636,197.70189590819493,162.62400742636513
1,249,34.03726592004648,-120.76737671492144,129.26087380537206,52.43260186642531,197.72796374009158,162.36566271889268
1,250,34.040893925332334,-120.76650397560712,129.24111957569048,52.54611064091591,197.75424145530755,162.1004425122313
1,251,34.044521740518036,-120.76563105229175,129.2119594965456,52.65798638143434,197.7807318045131,161.82831628827637
1,252,34.04814895631658,-120.76475739815838,129.17346476091816,52.76824199021801,197.8074006134927,161.54932937257195
1,253,34.05177699864355,-120.76388264014291,129.12557777849213,52.87691786050896,197.83425918023227,161.2633095018968
1,254,34.05540464506213,-120.76300859882915,129.06832732425818,52.98397292606345,197.86138151230517,160.97036160843672
1,255,34.05903272430923,-120.76213290283296,129.0017558332421,53.089466249405106,197.8886619656042,160.67039968393576
1,256,34.062659960182444,-120.76125700357166,128.92572248377652,53.19332131401451,197.91615387105594,160.36338952736983
1,257,34.06628783248848,-120.76038089721251,128.84033928791715,53.29561195763735,197.94389017041883,160.04930112572845
1,258,34.06991562500435,-120.75950457992015,128.74555023867916,53.39630812919718,197.97185906026428,159.7281091843349
1,259,34.073543660035185,-120.75862750474249,128.64148253954482,53.49545488691657,198.0000407844142,159.39986208688458
1,260,34.077171474461565,-120.75774875513989,128.52803780710977,53.59302807113811,198.0283788121383,159.06446951452256
1,261,34.080799681810255,-120.7568703260262,128.40511604738515,53.68901195112282,198.05699670878212,158.72182117612533
1,262,34.084427021306766,-120.75599058409021,128.27293078430276,53.78342804240739,198.08578221262476,158.3721184955161
1,263,34.08805478532112,-120.75511115492986,128.13126849143114,53.87626043873455,198.11485428697895,158.01511101170152
1,264,34.09168312359082,-120.75423003540833,127.98028521519062,53.96756584801752,198.14410963190585,157.6508601698106
1,265,34.09531149236606,-120.75334867760056,127.81989609421511,54.05729806565204,198.17361941931773,157.2793331553874
1,266,34.09893948166106,-120.75246653437232,127.65017229118385,54.14546462571375,198.2033477648191,156.90058254148556
1,267,34.10256826477252,-120.75158414505943,127.47109870562144,54.23209584253853,198.23335338126407,156.51451106970097
1,268,34.10619664727051,-120.75070059258358,127.28252087167465,54.31712905449023,198.26356242884097,156.12103020380027
1,269,34.10982542927392,-120.74981624276975,127.08466442774515,54.400634148453676,198.29401599791586,155.72026082013446
1,270,34.11345432063406,-120.74893163500741,126.87740214604139,54.482569528338786,198.3247415449983,155.31210588105145
1,271,34.11708291109514,-120.74804622200914,126.66080517843086,54.56294059231352,198.35570255281397,154.89662024574636
1,272,34.120712627694644,-120.74715962970122,126.43481613956486,54.64178367522447,198.3869131458122,154.47364399278862
1,273,34.124341769274,-120.74627276751923,126.19936517835316,54.71901831149171,198.4183904296062,154.04322058796757
1,274,34.12797164248665,-120.74538417440593,125.95459331465233,54.7947279727157,198.45008385694373,153.60534331895465
1,275,34.131601450463975,-120.74449621710689,125.70045794739481,54.868853081798235,198.4821150937664,153.16004779499204
1,276,34.13523154338928,-120.74360560690678,125.43690327112749,54.94142010225853,198.5143060116679,152.70719424352546
1,277,34.13886160263391,-120.74271562459514,125.16398509061803,55.01239633648388,198.5468429471377,152.24688600482105
1,278,34.1424917247745,-120.74182389487459,124.88168992036674,55.0817996690784,198.5795938843859,151.7790497586666
1,279,34.14612209842989,-120.74093187116657,124.5899889364848,55.149611936549995,198.61265196123946,151.303658485392
1,280,34.14975372491963,-120.74003863533184,124.28889597676321,55.21587303122431,198.64599114477846,150.82063217707272
1,281,34.153384476255304,-120.73914455371337,123.97841221186333,55.28050234886812,198.67958654935896,150.33009101213563
1,282,34.15701625837143,-120.73825016597752,123.65857879003603,55.34356138943633,198.71351992320777,149.8319483935848
1,283,34.160647450602276,-120.73735400991345,123.32931225781795,55.40498432453172,198.74766938246046,149.32619366028166
1,284,34.16427995912668,-120.7364566249602,122.9906537985066,55.464832202124384,198.78211710789122,148.81274150376277
1,285,34.167912133485494,-120.73555929230145,122.64270296868496,55.52304972110317,198.81690469003874,148.29178129877482
1,286,34.171545177965456,-120.7346598077489,122.2852617916679,55.57964811703254,198.85193289527717,147.7630265420484
1,287,34.17517834687614,-120.73376091126721,121.91845713067241,55.634593104938425,198.88735431349224,147.22666017626784
1,288,34.17881100497412,-120.73286022527185,121.54221935944818,55.68786068765501,198.92301295203217,146.68260974914378
1,289,34.18244463166343,-120.73195774532266,121.15666083489452,55.73951603770646,198.9589494706808,146.1308684755518
1,290,34.18607868421716,-120.7310549261735,120.76169655738492,55.78949628110351,198.9952446267785,145.57141083894177
1,291,34.18971343260813,-120.73015084852828,120.35728426383808,55.837798795751276,199.03185361633473,145.00415899847042
1,292,34.19334821134761,-120.72924587926217,119.94353733522725,55.884408601578826,199.0687871785514,144.42924213551532
1,293,34.196983717779446,-120.72833964290236,119.52034240928758,55.92931578905648,199.10604484290144,143.84650784540514
1,294,34.20061855432603,-120.72743250642684,119.08775664756354,55.972465299933155,199.14361840282405,143.2560824047421
1,295,34.20425488232875,-120.72652409421393,118.64577911217324,56.0139225941415,199.18154578602557,142.65782163056468
1,296,34.20789198597265,-120.72561440185956,118.19435361468607,56.053634250801586,199.21981352467185,142.05171173158965
1,297,34.21152846732829,-120.7247037964989,117.73353728559148,56.091542150811,199.2584133137668,141.43788001235254
1,298,34.215165328352455,-120.723791357865,117.26334409142285,56.12767736392677,199.297317996674,140.81625529009946
1,299,34.21880391847042,-120.7228790864497,116.78373035377264,56.16203976994549,199.33669871192478,140.18674796345545
1,300,34.22244176023225,-120.72196442848326,116.29475462452416,56.19456012774442,199.37632940268594,139.54950158310166
1,301,34.22608020306291,-120.72104938471438,115.79637321698387,56.22523609972317,199.41638209797924,138.90442740451408
1,302,34.229719771846156,-120.72013211800834,115.28850166709815,56.25406631840274,199.45675745939224,138.25138642742306
1,303,34.233358987312634,-120.71921537338892,114.77121044395213,56.28096006078194,199.49760112792333,137.59056454077168
1,304,34.236999664746214,-120.71829585211195,114.24455643648655,56.30600988672074,199.53875257100694,136.92184165333904
1,305,34.24063984686394,-120.71737538287474,113.708511600364,56.329092302112294,199.58028384846006,136.24533442658844
1,306,34.24428096465228,-120.71645358918525,113.16301890254486,56.350225913744005,199.62221678834197,135.56090058079747
1,307,34.24792303428884,-120.71553046649527,112.60807836129331,56.36938461317846,199.6645584401414,134.86853495413212
1,308,34.25156538864692,-120.71460638255402,112.04380327582918,56.386537307930034,199.70732144551368,134.16837385286738
1,309,34.25520824943432,-120.7136800432368,111.46998187014741,56.401628120597046,199.75043119511602,133.4602016230383
1,310,34.25885160096594,-120.71275419610096,110.88679708668404,56.4146370294577,199.79408165691095,132.74421688883675
1,311,34.2624957946773,-120.7118255392838,110.29419335400127,56.42557003151631,199.83806490782337,132.02029383649497
1,312,34.266141020841246,-120.71089553054566,109.69214184689336,56.43437754969919,199.88249366198664,131.28842073896564
1,313,34.26978587936039,-120.70996453793295,109.08069952992071,56.44097926413502,199.92735923140998,130.5487318335416
1,314,34.27343180252834,-120.70903218426817,108.45980945701898,56.44538471176246,199.97268627236693,129.80108938453986
1,315,34.277078377383184,-120.70809791953505,107.82954269410763,56.44756311118981,200.01843168331064,129.04556745004606
1,316,34.28072531675214,-120.70716228428856,107.18977188642975,56.44742572068857,200.06463242190142,128.28208603469858
1,317,34.284373369397024,-120.70622527383594,106.54055336904433,56.44497374631199,200.11131964029457,127.51065025846385
1,318,34.28802113444364,-120.70528725653381,105.88194405454676,56.440116893172224,200.15848461352155,126.73139733773968
1,319,34.29167030019244,-120.70434693600122,105.21384486587998,56.43286812066064,200.20609595507784,125.94412653125434
1,320,34.295320372801854,-120.70340614486165,104.53634019843024,56.42315831581416,200.25427904762614,125.14897257862883
1,321,34.2989704611872,-120.70246341401527,103.84940256571491,56.41091248458671,200.3029087017833,124.34594231048025
1,322,34.30262199922751,-120.7015183651136,103.1529751178287,56.39612713455146,200.3520119977539,123.53490319808765
1,323,34.30627449286585,-120.70057283160443,102.44714223291352,56.37872588070758,200.40171693504263,122.7159923980641
1,324,34.30992631788101,-120.69962534370279,101.73182004436292,56.358581364236734,200.45187222279543,121.88921410254935
1,325,34.31358011910149,-120.69867644240055,101.00710663099774,56.33576151938642,200.5026145978981,121.05451403281128
1,326,34.317234447124264,-120.69772612286644,100.27288927676064,56.31011465215294,200.553906451103,120.21188974648658
1,327,34.320888887931275,-120.6967738340985,99.5292390060937,56.281583213276306,200.6057026893205,119.36142370854948
1,328,34.324544876596384,-120.69581919714199,98.77609903464187,56.25014953146747,200.65803331331216,118.50298826150802
1,329,34.328201185457985,-120.6948640471667,98.01349731268083,56.21567284402713,200.71100665545276,117.63672173938234
1,330,34.331857655725095,-120.69390691295568,97.24146269686892,56.178098234208086,200.7645166170024,116.76264285832092
1,331,34.335515723099256,-120.69294741524146,96.45993843566906,56.137399044052124,200.81859482894032,115.88062683725632
1,332,34.33917489284389,-120.69198739009184,95.6690088552488,56.09347002291832,200.87337796760346,114.99082003687225
1,333,34.342834959505424,-120.69102499123653,94.86853327056579,56.04620301469149,200.92872841150856,114.09309858260222
1,334,34.346495252825655,-120.69006058761417,94.0586248403946,55.995504380940794,200.9846625136467,113.18761884188365
1,335,34.350156220019215,-120.68909472076153,93.23921256927122,55.94127163906017,201.04125113190395,112.27432325616655
1,336,34.353818611080506,-120.68812738567703,92.41035289715603,55.88345508045514,201.09853473107918,111.35323401589044
1,337,34.357481709009775,-120.68715857734277,91.57198941446748,55.8219028220582,201.15650070390126,110.42436630455995
1,338,34.36114535487308,-120.68618682199549,90.7241509941388,55.756528177688715,201.2150383273449,109.48774784143825
1,339,34.3648102181391,-120.68521450472073,89.86690735639633,55.687232972135895,201.27437842207357,108.54346523470834
1,340,34.36847535990428,-120.68423977679386,89.0000613723062,55.613823230213995,201.33435095386983,107.59140038795815
1,341,34.37214200825397,-120.6832635548642,88.12376807828062,55.536261449157934,201.3950918796297,106.63165398078823
1,342,34.37580970216108,-120.68228491138935,87.23792892381549,55.45437860687262,201.45652303587931,105.66418239841353
1,343,34.379478504174884,-120.68130421592515,86.34271348829289,55.36808487727268,201.51869258345917,104.68915967097789
1,344,34.38314739456508,-120.68032201055621,85.4379378710771,55.27712107497894,201.58162149954347,103.70653681456021
1,345,34.38681829016019,-120.67933883768688,84.52364404991921,55.18142822551301,201.6454485923522,102.7162808533598
1,346,34.39048913155064,-120.67835267392908,83.59981893373933,55.08077327335393,201.70993854799158,101.71850084605538
1,347,34.394161147126965,-120.6773644366105,82.66661759842653,54.97508005752797,201.7752345138896,100.71330892963135
1,348,34.39783448391265,-120.6763752159077,81.72384163845703,54.86409522399428,201.84145440024196,99.70059641190409
1,349,34.4015085503439,-120.6753829873008,80.77159090857766,54.747665816574546,201.9084187884266,98.68048577416052
1,350,34.40518397161123,-120.67438976461347,79.80976559154783,54.62555694487898,201.97634661278354,97.6529453672899
1,351,34.40886015586264,-120.67339352255554,78.8384655392561,54.497595605175135,202.04505665766106,96.61810319795387
1,352,34.412537295768956,-120.67239572744879,77.85766189560947,54.363535091767005,202.11470492756987,95.57600752255932
1,353,34.416214975047474,-120.67139582569011,76.86742562966329,54.22315372767123,202.1852455739172,94.52678806414181
1,354,34.41989433317387,-120.67039398375555,75.86757276491542,54.07619469397238,202.25676427235558,93.47029115464206
1,355,34.42357426404618,-120.66939002389687,74.85828730849457,53.92240711430421,202.3292189560531,92.4067954900126
1,356,34.42725590774161,-120.66838411252965,73.8393853001697,53.76150389066943,202.40269798052896,91.33615596986752
1,357,34.43093815763455,-120.66737607187574,72.81105073187408,53.593203851526155,202.4771594168439,90.25866008799342
1,358,34.434620728556006,-120.6663664449805,71.77315612253827,53.41712326954782,202.55266368353827,89.17431347418177
1,359,34.43830493112093,-120.6653537519077,70.72584345287737,53.23308400236499,202.62915896705644,88.08320438913907
1,360,34.44199065728009,-120.66434001004133,69.66895638389978,53.04063455225843,202.7068536930453,86.98534645636448
1,361,34.445676578224166,-120.66332319004843,68.602538190973,52.83938594786471,202.7855227701276,85.88091079195027
1,362,34.44936405669879,-120.6623053100609,67.5265456320597,52.62896253533575,202.86544744397673,84.76992563028308
1,363,34.45305206490204,-120.66128379065313,66.44114947321918,52.40900856263144,202.94636214979883,83.65264638864693
1,364,34.45674166459873,-120.66026119976104,65.34617898865231,52.17901876047889,203.02859185179045,82.52904495080533
1,365,34.46043226182615,-120.65923550634255,64.24173401068337,51.93856847516679,203.1119429695199,81.39932035576774
1,366,34.464123056833365,-120.65820910759702,63.12777112949826,51.687040560752166,203.19663889397668,80.26367826807869
1,367,34.46781514041846,-120.65717866698854,62.00429173822794,51.4240289076683,203.28243983291816,79.12212248540295
1,368,34.471508927413886,-120.65614750959446,60.87140765317157,51.14896784180314,203.36972726924344,77.97494503434882
1,369,34.47520347802493,-120.65511377493917,59.728921625156886,50.86114035799501,203.45830457574962,76.8221776050374
1,370,34.47889837420623,-120.6540769067271,58.57690458073839,50.55991127925727,203.54812750846713,75.66407109161081
1,371,34.48259458964738,-120.65303875461312,57.415553808177826,50.24469621497465,203.63946967480422,74.50095255649133
1,372,34.48629118402668,-120.65199745643734,56.244672038927675,49.91463898254705,203.73212969028714,73.33289580276336
1,373,34.489989131222075,-120.65095486267768,55.0644565704735,49.5690585106171,203.82638818710262,72.16025762319092
1,374,34.493687926297895,-120.64990966064583,53.874639221337624,49.206962308543694,203.92212378271444,70.98307740149933
1,375,34.49738719375393,-120.64886167191108,52.67546046009101,48.82753826649107,204.01933733152237,69.80182135466627
1,376,34.501087127577236,-120.64781236989269,51.4668914028788,48.42976793883754,204.11823718963484,68.616773505227
1,377,34.504788739706726,-120.6467608195912,50.24894669433497,48.012692969716184,204.21882869514346,67.42815913793136
1,377.2,34.50552808259116,-120.64654936207273,50.004241405666804,47.926813184876956,204.2389917121424,67.19010153050195
1,377.4,34.50626835337546,-120.64633898629042,49.75939544982742,47.84026818903903,204.2593998376644,66.95206257096801
1,377.6,34.50700646897389,-120.64612859077712,49.51438067018054,47.752860775780206,204.27975639438716,66.71420590811657
1,377.8,34.50774464059086,-120.64591817553003,49.26936701258458,47.66482451424862,204.3001899965069,66.4765093786846
1,378,34.50848187275426,-120.64570867027956,49.02433982808143,47.576056824166926,204.32074305470485,66.2390557038043
1,378.2,34.509216992155615,-120.6454995242931,48.77931335267331,47.48649564162948,204.34128760755482,66.00192409391329
1,378.4,34.50995129523596,-120.64528925692396,48.53442977858894,47.396338389065654,204.36173937156008,65.76509518252831
1,378.6,34.51068440007575,-120.64508082959773,48.28957466306258,47.30541402388148,204.38239631478814,65.52858825075636
1,378.8,34.51141595106682,-120.6448712808863,48.044805783678775,47.21379942924346,204.40291660634458,65.29239664075754
1,379,34.51214560896233,-120.6446639514916,47.80017824343499,47.12141592106191,204.42364262071962,65.05667236964773
1,379.2,34.51287444983886,-120.6444555007554,47.55569358397555,47.028411926200526,204.44427511231618,64.82125827080611
1,379.4,34.51360121941081,-120.64424778864428,47.31137914113607,46.93466892511999,204.46494166627872,64.58631094723258
1,379.6,34.51432734935911,-120.64404043622017,47.06717867631372,46.84025092366184,204.4856863727214,64.35168231642083
1,379.8,34.51505092863874,-120.64383289250375,46.82304975291155,46.74501270159262,204.506334532005,64.11746157385583
1,380,34.515773652127216,-120.64362701787003,46.579246345065535,46.649168544275284,204.52719131105505,63.88376740265708
1,380.2,34.51649408286232,-120.64342002189113,46.335472464007324,46.55250601919995,204.5478643173319,63.65041262576957
1,380.4,34.51721361474478,-120.64321431609952,46.09185453443695,46.4551279190108,204.56870201365032,63.4174578102265
1,380.6,34.517931374939856,-120.64300879842763,45.8485343298614,46.357085786235935,204.58953065813455,63.18504002183905
1,380.8,34.518647062060836,-120.64280402010041,45.605384286344055,46.258260372847886,204.61039247839724,62.95310409848029
1,381,34.51935945176073,-120.64259908618392,45.362956161850136,46.15893332498104,204.6311136575617,62.72211405372873
1,381.2,34.52006920027423,-120.6423964088677,45.12131971185654,46.059130043857614,204.65200035131056,62.492138881674634
1,381.4,34.520774955189815,-120.64219395560869,44.88051803458762,45.95883830590351,204.67274445743715,62.263251394261665
1,381.6,34.5214764997365,-120.64199303639543,44.640762656915,45.85814500080793,204.69347690902566,62.035654727796825
1,381.8,34.52217409167803,-120.6417927209753,44.40201156822499,45.75706616391419,204.71410921517895,61.80927569970705
1,382,34.522867471663744,-120.6415939401888,44.16430674318783,45.655588902380224,204.73472801882446,61.58418770026318
1,382.2,34.52355620234991,-120.64139614306143,43.92771904902533,45.55374579102628,204.75524389307083,61.36045774351363
1,382.4,34.52424102049187,-120.64119932986242,43.69230514160916,45.451626599443046,204.77570131278867,61.138073941970674
1,382.6,34.524921230073176,-120.64100388027293,43.45817787877843,45.34925189311998,204.79609856154832,60.917175938492605
1,382.8,34.525596787769636,-120.64080941519013,43.225167690215635,45.24652090299262,204.81638929710243,60.69763488474806
1,383,34.52626743407923,-120.64061686573133,42.99331654514838,45.143422293106724,204.83666067674577,60.47952420848547
1,383.2,34.526933770201865,-120.640425129455,42.76287954839785,45.04020001638596,204.85682531752312,60.26295204468179
1,383.4,34.527595451825384,-120.64023437856213,42.53355956840236,44.93663242380623,204.87687975406055,60.047735486261494
1,383.6,34.52825226178052,-120.64004592381386,42.30556812371407,44.83281622250176,204.89695707018987,59.83407537792868
1,383.8,34.528903978769975,-120.63985790361583,42.07876453919709,44.7286950070266,204.91683191541924,59.621836356148485
1,384,34.52955181876515,-120.6396712492262,41.853304146915676,44.624438045396126,204.93668504771728,59.411065626604874
1,384.2,34.53019474211849,-120.63948651248373,41.629002681595274,44.51983837147075,204.95651232686387,59.20172212123446
1,384.4,34.53083261219335,-120.6393025906852,41.406058570164255,44.4150568062026,204.97617875087764,58.993924347077126
1,384.6,34.53146586488868,-120.63912003564492,41.18440091251954,44.310065639001344,204.9957733681229,58.78760517085575
1,384.8,34.53209475810381,-120.63893791644816,40.963987707026305,44.204883831064606,205.0152054290335,58.58268964838404
1,385,34.532718035605036,-120.63875809581953,40.74484621541668,44.09939882003266,205.03460562310346,58.37933855975119
1,386,34.53576600995505,-120.63787785902825,39.668817081702876,43.569570407156306,205.1303210918736,57.38485320806036
1,387,34.538695147681885,-120.63702968043259,38.62582293707784,43.03614830016078,205.2235447496363,56.42789761626943
1,388,34.54150360072056,-120.63621456369422,37.616497302023696,42.500319145592705,205.31411926366698,55.508891270085336
1,389,34.544190957026046,-120.63543313227673,36.64141760140471,41.96344752243351,205.40193731822848,54.628067319719854
1,390,34.54675597431843,-120.63468528505194,35.701472631705926,41.427213694890504,205.48675150470044,53.78587370657117
1,391,34.5491987245601,-120.63397257631385,34.79733865029738,40.893298845519965,205.56859914263325,52.98252712548217
1,392,34.55151744889197,-120.63329359077113,33.92963637648616,40.36339831151587,205.64704273234292,52.218222343997205
1,393,34.55371230840216,-120.63265064174594,33.099381328550166,39.83967228054502,205.72222151143987,51.493340489565924
1,394,34.55578154939578,-120.63204231160478,32.30719438030292,39.324024757741384,205.79369903375238,50.80800201891411
1,395,34.55772485932645,-120.63146997945275,31.55399253402464,38.818725267678126,205.861477296085,50.16245782539011
1,396,34.559542188224434,-120.63093409081675,30.840650921920314,38.32613943290958,205.92547062983977,49.55684698500072
1,396.5,34.56040264410039,-120.63067935162483,30.499211877377704,38.08533186843535,205.95588137187096,49.269113458330175
1,396.8,34.56090440973297,-120.63053136920782,30.299030663431623,37.942595608306924,205.9737545737733,49.10109178433591
1,397,34.5612348549701,-120.63043391137587,30.16694248758443,37.84782144635438,205.98555348075612,48.99045122539958
1,397.2,34.561561252334364,-120.63033669428576,30.035687946670688,37.75308756654171,205.99711316873368,48.880787937018155
1,397.4,34.561885216278725,-120.63024082318115,29.905182040133514,37.658405150213554,206.00868470875005,48.77195591867955
1,397.6,34.56220700588014,-120.63014536492938,29.77538280545082,37.56378604714433,206.02017187425076,48.66387807347127
1,397.8,34.5625255810951,-120.6300508722098,29.64610591655504,37.46897148363439,206.03156701913625,48.55654076364955
1,398,34.56284311684655,-120.62995696442901,29.51735201164894,37.37413294286072,206.0429801399934,48.44975929817241
1,398.2,34.56315769711454,-120.62986308902184,29.389078486066314,37.27911114930119,206.05420421165252,48.34364167879508
1,398.4,34.56347085359251,-120.62976958987272,29.26086124922894,37.1836087137544,206.06539202163484,48.237819381983634
1,398.6,34.563783325138715,-120.62967646701577,29.132757030714306,37.08773101029336,206.0765970291098,48.13226898234557
1,398.8,34.56409550823742,-120.62958389241085,29.004525421056897,36.99127195747576,206.0878692966185,48.02681979897902
1,399,34.56440648522147,-120.62949037997832,28.876138590382414,36.894178867907165,206.0989583975422,47.92148207537881
1,399.2,34.56471761181639,-120.62939796848919,28.747553506966682,36.79644480866515,206.11021489517145,47.81618902738045
1,399.4,34.56502797035649,-120.62930517182929,28.61874234078359,36.69801617701929,206.12138817708058,47.710951274265256
1,399.6,34.56533799894244,-120.62921254267896,28.48963423159253,36.59883550803253,206.1325784937477,47.60571119319272
1,399.8,34.565648874749414,-120.62912063376513,28.36021505495254,36.498952420827734,206.1439406249526,47.50038608442297
1,400,34.56595850293822,-120.6290274060964,28.230471104251222,36.39825698689965,206.15506837778508,47.39507205456813
1,400.2,34.5662682808834,-120.62893527946477,28.100528898824937,36.296896481511475,206.1663642462039,47.28981315537533
1,400.4,34.56657798842172,-120.6288423867474,27.970247795023024,36.1947678936014,206.17758035805986,47.184484803967514
1,400.6,34.566887366161424,-120.62874966149445,27.839669746292756,36.09186041847013,206.18881356651153,47.07916562220019
1,400.8,34.56719641412591,-120.62865710370635,27.70879475196451,35.98816855079394,206.20006388359533,46.97385805711986
1,401,34.56750443468577,-120.6285650942527,27.577735621749422,35.883736886598875,206.21132728003099,46.8686999013039
1,401.2,34.56781356226022,-120.62847287140704,27.44632347188331,35.77856936757811,206.22266645775457,46.76339641389822
1,401.4,34.56812218138548,-120.62837932949255,27.314643280294725,35.67266065119753,206.2338241433593,46.65809425117899
1,401.6,34.56842991048035,-120.62828744154409,27.182580497398042,35.565776281725306,206.24514295792426,46.55285767216228
1,401.8,34.56873761080736,-120.6281951682177,27.050348361854443,35.45824516322351,206.25643215282736,46.447677001587216
1,402,34.56904641840756,-120.62810268140754,26.917763209047727,35.34995455934887,206.26779758779784,46.34236059697296
1,402.2,34.56935345951473,-120.62801074295757,26.784937175540254,35.24078275139369,206.27912114388974,46.23723522510226
1,402.4,34.56966116971059,-120.6279180381206,26.65182898149919,35.13089599764643,206.29041922227023,46.13203762734333
1,402.6,34.56996855037603,-120.62782550068168,26.518423837782816,35.020174504580886,206.30173446215753,46.02687405072128
1,402.8,34.57027534202523,-120.62773406452081,26.384763694073076,34.90860921601878,206.3131647190364,45.92182365913557
1,403,34.57058206369109,-120.62764186190358,26.2507646487467,34.796200691158106,206.3245143891739,45.81673635859979
1,404,34.57211267337183,-120.62718114791905,25.57688227419369,34.2220445147772,206.3813881948098,45.292077159816834
1,405,34.57363881319483,-120.6267222344489,24.896553827853875,33.62720974852907,206.43867628644819,44.7689756416412
1,406,34.57515777449324,-120.62626422388348,24.21021742110327,33.011277019174436,206.49606102374972,44.24821341767758
1,407,34.576669983856455,-120.62580770590499,23.51850923206564,32.374242155313155,206.5536481539176,43.730474214672874
1,408,34.57817482698604,-120.62535382389717,22.821881085835397,31.71584099269292,206.61153597344654,43.21644592604982
1,409,34.579671851922235,-120.6249020621069,22.121110857995227,31.036269861793613,206.66962292103153,42.70691617502587
1,410,34.58116000395425,-120.62445301146074,21.416721207902768,30.335413130457727,206.72790119733793,42.20261990162612
1,411,34.58263944711929,-120.62400819824514,20.709390240131878,29.613441516015108,206.78657947103187,41.704294990740415
1,412,34.58410919095916,-120.62356582884269,20.000334663855842,28.871258730400108,206.84534569214634,41.21290803338921
1,413,34.585568877882864,-120.6231293005986,19.290316451123918,28.109221135044578,206.904611485822,40.72930248817803
1,414,34.58701747381047,-120.6226964390191,18.580382747858764,27.3282416380928,206.96400859304472,40.25428826824607
1,415,34.588455302789825,-120.6222702993567,17.871889825174584,26.52969199305823,207.02396139095688,39.78884611980495
1,416,34.58988015000753,-120.62185134206469,17.166251009283588,25.715082092047897,207.08435082968595,39.33405238827436
1,417,34.59129337658005,-120.6214388827495,16.46465482220985,24.88604515913866,207.14519515004676,38.8904598058732
1,418,34.592694123484435,-120.62103542603798,15.768471594252624,24.04438082405136,207.2067560062247,38.458951209776366
1,419,34.59408117155989,-120.62064049855405,15.07912946461048,23.19219527290482,207.2688695124186,38.040278537146534
1,420,34.595455741236215,-120.62025549896806,14.398367529896088,22.332301262621197,207.33182364193004,37.635080063412886
1,421,34.596816830754705,-120.61988182695322,13.72775455889292,21.46733615835833,207.39572468831736,37.24402895718289
1,422,34.598165275816896,-120.61952067302605,13.06856294208765,20.599796555342134,207.46080670001388,36.8674194812628
1,423,34.59950177281642,-120.61917212007475,12.422263536161744,19.732629260283627,207.5271452470789,36.50549684607571
1,424,34.60082461659271,-120.61883795204601,11.790537865299731,18.869083909265225,207.59484313935275,36.15876817366559
1,425,34.602135820396605,-120.6185199156519,11.174644276510925,18.012126029537615,207.66431870545637,35.82715419478997
1,426,34.60343525594482,-120.61821733072723,10.575657759223134,17.164488369111385,207.73547820302392,35.510537515586385
1,427,34.60472451309504,-120.6179313519571,9.994200424226001,16.32831976939574,207.8086291489127,35.20851238056778
1,428,34.60600273960447,-120.61766445359473,9.430935484756716,15.505729956256229,207.8840517088924,34.92092425817388
1,429,34.607272323744205,-120.6174149420858,8.885652212052607,14.697686661423672,207.96173740697014,34.646873828269726
1,430,34.608533032744205,-120.61718414440004,8.358561987814493,13.905618319617338,208.04186611952107,34.38594150921488
1,431,34.60978573386555,-120.61697317725006,7.849523068939336,13.130413053758755,208.12468860207696,34.13749998686372
1,432,34.611032736549234,-120.61678277482123,7.358337776364759,12.37287926056145,208.21053606981798,33.9007623492515
1,433,34.61227306787316,-120.61661106979751,6.884808617716655,11.633692164831338,208.2990815900743,33.67515549231077
1,434,34.61350669381471,-120.61646084230591,6.428410983897746,10.91289408524804,208.39073311562086,33.460163304572
1,435,34.61473610539442,-120.61633112316163,5.988566221147776,10.21050580408192,208.48560602823477,33.25488823754374
1,436,34.61596065006675,-120.61622264545363,5.564849477238953,9.526611830641931,208.5837687346476,33.05886449828391
1,437,34.61717967550291,-120.61613614215499,5.156835895251483,8.861248059955296,208.6852885995746,32.87165226479637
1,438,34.61839541420317,-120.61607158054134,4.763988765470684,8.214289520093727,208.79039483968128,32.69251011385131
1,439,34.61960673419999,-120.61602875539866,4.385784519338049,7.585486362585345,208.89897761028325,32.52104471336517
1,440,34.620812503700705,-120.61600746113065,4.021699579740875,6.974543008669147,209.0109230029932,32.356891899624884
1,441,34.62201225163578,-120.61600992259027,3.671280176201835,6.3812345571610365,209.12652568547645,32.19976773866106
1,442,34.623171750085724,-120.61601993223557,3.332811029162258,5.802614319146476,209.2401498201417,32.0517204112792
1,442.2,34.62339427686821,-120.61602211890168,3.2664153800969946,5.688393997698997,209.2620857297358,32.02356509421172
1,442.4,34.62361486561987,-120.6160237891203,3.200684103999287,5.575126975299357,209.28378811127095,31.995772182923222
1,442.6,34.62383032992007,-120.61602626377565,3.1356013789754362,5.462726884436185,209.30513591764577,31.968702553293465
1,442.8,34.624043855869374,-120.616028221976,3.0711830193120986,5.351294222507382,209.32624789874447,31.9419882039031
1,443,34.624253259153605,-120.6160300466219,3.0074281111797316,5.240794921267372,209.34696500938574,31.91585310630365
1,443.2,34.62445924090312,-120.61603135478188,2.9442239228226246,5.131049221207564,209.36729906677633,31.890198653452018
1,443.4,34.62466228167945,-120.61603308447624,2.8816691783647985,5.022240766387584,209.38743128612398,31.865026365305972
1,443.6,34.62486163987766,-120.61603523571979,2.8197070542443545,4.914263244322131,209.40728795773873,31.84039934679727
1,443.8,34.625057616187554,-120.6160372534038,2.7584651842657477,4.807361217443688,209.42681718660882,31.81627167547435
1,444,34.625250911805765,-120.6160387545787,2.6978308389056473,4.701352265510125,209.44603138226057,31.79254530003682
1,444.2,34.62544008375772,-120.61604012217396,2.6378599196402357,4.596319380749016,209.4648428704233,31.76937788641325
1,444.4,34.62562675460027,-120.61604246646937,2.578467608699575,4.492132390784254,209.48357081261298,31.746652570396282
1,444.6,34.62581030370197,-120.61604373909407,2.5197536296155305,4.388981809610955,209.50185684482682,31.724342191053243
1,444.8,34.62599043006974,-120.61604449516607,2.4615903404513375,4.286635956645993,209.51975042291477,31.702487300735672
1,445,34.62616779417431,-120.61604716608291,2.404047558195889,4.1852196421823304,209.53766785284057,31.681135998582185
1,445.2,34.62634155538956,-120.61604782716064,2.347084368204698,4.084679160951006,209.5549566954386,31.660186757804446
1,445.4,34.626512374190575,-120.61604890980121,2.29077058785595,3.9851393049818835,209.57203339291178,31.6396873298228
1,445.6,34.62668025044706,-120.61605041401779,2.2351062142290177,3.8866059665434673,209.58889710645724,31.619634532523516
1,445.8,34.62684514396347,-120.61605195684149,2.1799216980170457,3.788780006020565,209.6054874814107,31.600000224521434
1,446,34.627008096986515,-120.61605298308166,2.125401498717256,3.692015430658709,209.62182669787563,31.58066891164636
1,446.2,34.627166624063655,-120.61605443090865,2.0714170514754953,3.596050692087487,209.63780297521888,31.561910770841905
1,446.4,34.62732321041185,-120.61605536213837,2.0180969159677624,3.501157521810331,209.65352641917957,31.543449592332294
1,446.6,34.62747611207873,-120.61605671496066,1.965369349773042,3.4071865309659937,209.6689588111978,31.525488124029472
1,446.8,34.6276270327495,-120.616057168171,1.9131365442704409,3.313990489852644,209.68407725600196,31.507793867184475
1,447,34.627775450747215,-120.61605859819156,1.861482311484404,3.2217103466814616,209.699101673565,31.490504470340706
1,448,34.62847356869452,-120.61606397275068,1.6118667029179632,2.774188814983424,209.76975880023087,31.409912234608523
1,449,34.629106767466325,-120.61606795755505,1.3763867092607542,2.349734136761534,209.83397743322303,31.33809105804096
1,450,34.629677621240546,-120.6160703415654,1.1548026654934511,1.9484122674515192,209.8919109918129,31.274466438797585
1,451,34.63018818377099,-120.61607279050709,0.9469587526135147,1.5703767734395928,209.94394462680273,31.218623340831435
1,452,34.630643256577926,-120.61607509353304,0.7527858556509018,1.2159080570632637,209.9904786139606,31.16981840351109
1,453,34.631044936744594,-120.61607610131709,0.571945674427785,0.8847257914106049,210.03151140769629,31.12753803030781
1,454,34.631397506437644,-120.61607747983396,0.40445296542253345,0.5771529234704261,210.06768364020405,31.091215025541647
1,455,34.63170156123832,-120.61607811833436,0.2505629118401557,0.2939098965258287,210.09886108310354,31.060526901632414
1,456,34.63196168595486,-120.6160791275514,0.11041795582417399,0.03547772611195822,210.12564837648873,31.034880966225774
1,457,34.63217921940219,-120.61607939668002,-0.01566985405329615,-0.197387290212039,210.14799846401402,31.013909382920225